{"kind":"identitytoolkit#DownloadAccountResponse","users":[{"localId":"2w9ioyELLrM07qAN2xQ7llasABrE","createdAt":"1690224215704","lastLoginAt":"1690224215704","validSince":"1690307281","emailVerified":false,"disabled":false},{"localId":"ifwf7sJ5poxnuQXJxCwIfZC6qcS4","createdAt":"1690288103956","lastLoginAt":"1690288103956","validSince":"1690307281","emailVerified":false,"disabled":false},{"localId":"qINbS6vJRUTbW576F71yibff4giX","createdAt":"1690292037987","lastLoginAt":"1690292037987","validSince":"1690307281","emailVerified":false,"disabled":false},{"localId":"v16HNkgsm7fprqu4RfflYODk7G6U","createdAt":"1690224390892","lastLoginAt":"1690224390892","validSince":"1690307281","emailVerified":false,"disabled":false},{"localId":"ybMRmo7lhcA39U48ktmTVvfJNa0n","createdAt":"1690292340327","lastLoginAt":"1690292340327","validSince":"1690307281","emailVerified":false,"disabled":false}]}