{
  "name": "sushi.jpg",
  "bucket": "demo-friendly-eats.appspot.com",
  "metageneration": 1,
  "generation": 1689694888012,
  "contentType": "image/jpeg",
  "storageClass": "STANDARD",
  "contentDisposition": "inline",
  "downloadTokens": [
    "ba52ae94-dea8-4759-93aa-9231f9520b72"
  ],
  "etag": "O5VBaqAyQqxIzTEK2A7jH5ghxwI",
  "customMetadata": {},
  "timeCreated": "2023-07-18T15:41:28.013Z",
  "updated": "2023-07-18T15:41:28.013Z",
  "size": 333548,
  "md5Hash": "xlcWoe8bDin/UDFxpIJ//g==",
  "crc32c": "3352732801"
}